Address,Type,Datetime,Latitude,Longitude,Report Location,Incident Number
Sw Orchard St / Delridge Way Sw,Motor Vehicle Incident,01/20/2015 05:56:00 PM +0000,47.537954,-122.361092,"(47.537954, -122.361092)",F150007273
Nw Market St / 6th Av Nw,Motor Vehicle Incident,01/20/2015 01:59:00 AM +0000,47.668651,-122.364019,"(47.668651, -122.364019)",F150007083
Dexter Av N / Thomas St,Motor Vehicle Incident,01/19/2015 11:57:00 PM +0000,47.620888,-122.342382,"(47.620888, -122.342382)",F150007044
5th Av / Virginia St,Motor Vehicle Incident,01/19/2015 11:29:00 PM +0000,47.613727,-122.339174,"(47.613727, -122.339174)",F150007031
S Massachusetts St / Rainier Av S,Motor Vehicle Incident,01/19/2015 09:28:00 PM +0000,47.588411,-122.305827,"(47.588411, -122.305827)",F150006995
14312 Lake City Way Ne,Motor Vehicle Incident,01/19/2015 07:50:00 PM +0000,47.732044,-122.292376,"(47.732044, -122.292376)",F150006972
2000 2nd Av,Motor Vehicle Incident,01/19/2015 10:47:00 AM +0000,47.611733,-122.341753,"(47.611733, -122.341753)",F150006869
Occidental Av S / S Lander St,Motor Vehicle Incident,01/19/2015 08:03:00 AM +0000,47.57981,-122.333269,"(47.57981, -122.333269)",F150006829
4th Av S / S Jackson St,Motor Vehicle Incident,01/19/2015 06:14:00 AM +0000,47.599197,-122.328968,"(47.599197, -122.328968)",F150006803
M L King Jr Way S / S Othello St,Motor Vehicle Incident,01/19/2015 03:36:00 AM +0000,47.537042,-122.281293,"(47.537042, -122.281293)",F150006749
Rainier Av S / S Plum St,Motor Vehicle Incident,01/19/2015 03:33:00 AM +0000,47.585498,-122.303605,"(47.585498, -122.303605)",F150006747
M L King Jr Way S / S Morgan St,Motor Vehicle Incident,01/18/2015 09:00:00 PM +0000,47.543904,-122.284426,"(47.543904, -122.284426)",F150006617
Denny Way / Westlake Av N,Motor Vehicle Incident,01/18/2015 04:02:00 PM +0000,47.618534,-122.338485,"(47.618534, -122.338485)",F150006543
Ashworth Av N / N 85th St,Motor Vehicle Incident,01/18/2015 07:27:00 AM +0000,47.690522,-122.339134,"(47.690522, -122.339134)",F150006389
2230 1st Av S,Motor Vehicle Incident,01/18/2015 06:58:00 AM +0000,47.583663,-122.334199,"(47.583663, -122.334199)",F150006381
19th Av W / W Emerson Pl,Motor Vehicle Incident,01/18/2015 01:10:00 AM +0000,47.65423,-122.381188,"(47.65423, -122.381188)",F150006268
4001 Sw Edmunds St,Motor Vehicle Incident,01/18/2015 12:50:00 AM +0000,47.559283,-122.382854,"(47.559283, -122.382854)",F150006257
Ne 75th St / 14th Av Ne,Motor Vehicle Incident,01/17/2015 11:55:00 PM +0000,47.683059,-122.313171,"(47.683059, -122.313171)",F150006241
S Lander St / 1st Av S,Motor Vehicle Incident,01/17/2015 09:00:00 PM +0000,47.579811,-122.334201,"(47.579811, -122.334201)",F150006183
36th Av S / S Genesee St,Motor Vehicle Incident,01/17/2015 08:38:00 PM +0000,47.564104,-122.287031,"(47.564104, -122.287031)",F150006178
Beacon Av S / S Mcclellan St,Motor Vehicle Incident,01/17/2015 08:34:00 PM +0000,47.578626,-122.311597,"(47.578626, -122.311597)",F150006175
25th Av Ne / Ne 54th St,Motor Vehicle Incident,01/17/2015 07:32:00 PM +0000,47.667978,-122.300616,"(47.667978, -122.300616)",F150006159
West Marginal Way S / S Holden St,Motor Vehicle Incident,01/17/2015 07:16:00 PM +0000,47.534148,-122.332133,"(47.534148, -122.332133)",F150006149
S Spencer St / Beacon Av S,Motor Vehicle Incident,01/17/2015 06:03:00 PM +0000,47.547727,-122.30104,"(47.547727, -122.30104)",F150006130
Boylston Av E / Lakeview Blvd E,Motor Vehicle Incident,01/17/2015 10:47:00 AM +0000,47.636808,-122.323468,"(47.636808, -122.323468)",F150006059
1700 1st Av S,Motor Vehicle Incident,01/17/2015 10:25:00 AM +0000,47.588229,-122.334197,"(47.588229, -122.334197)",F150006055
51st Av Sw / Sw Admiral Way,Motor Vehicle Incident,01/17/2015 06:38:00 AM +0000,47.579266,-122.397279,"(47.579266, -122.397279)",F150006001
53rd Av Sw / Sw Admiral Way,Motor Vehicle Incident,01/17/2015 06:37:00 AM +0000,47.579085,-122.400188,"(47.579085, -122.400188)",F150006000
1st Av / Marion St,Motor Vehicle Incident,01/17/2015 04:08:00 AM +0000,47.603982,-122.335586,"(47.603982, -122.335586)",F150005968
RAINIER AV S / S MCCLELLAN ST,Motor Vehicle Incident,01/17/2015 03:49:00 AM +0000,47.57835,-122.298151,"(47.57835, -122.298151)",F150005961
27th Av Ne / Ne 145th St,Motor Vehicle Incident,01/17/2015 01:56:00 AM +0000,47.733808,-122.299229,"(47.733808, -122.299229)",F150005934
Rainier Av S / S Chicago St,Motor Vehicle Incident,01/17/2015 01:22:00 AM +0000,47.532625,-122.269988,"(47.532625, -122.269988)",F150005930
10338 Densmore Av N,Motor Vehicle Incident,01/16/2015 11:22:00 PM +0000,47.703566,-122.337498,"(47.703566, -122.337498)",F150005889
Rainier Av S / 57th Av S,Motor Vehicle Incident,01/16/2015 08:05:00 PM +0000,47.520264,-122.261582,"(47.520264, -122.261582)",F150005798
M L King Jr Way S / S Henderson St,Motor Vehicle Incident,01/16/2015 06:45:00 PM +0000,47.523246,-122.279209,"(47.523246, -122.279209)",F150005762
S Rose St / Rainier Av S,Motor Vehicle Incident,01/16/2015 05:39:00 PM +0000,47.52913,-122.269987,"(47.52913, -122.269987)",F150005729
M L King Jr Way S / S Charlestown St,Motor Vehicle Incident,01/16/2015 04:51:00 PM +0000,47.570153,-122.296968,"(47.570153, -122.296968)",F150005710
Alaskan Way / Spring St,Motor Vehicle Incident,01/16/2015 04:14:00 PM +0000,47.604488,-122.339091,"(47.604488, -122.339091)",F150005698
5643 16th Av Sw,Motor Vehicle Incident,01/16/2015 04:00:00 PM +0000,47.55159,-122.354812,"(47.55159, -122.354812)",F150005697
Sb I5 Fr 145,Motor Vehicle Incident,01/16/2015 03:41:00 PM +0000,47.734069,-122.325596,"(47.734069, -122.325596)",F150005689
943 Nw Market St,Motor Vehicle Incident,01/16/2015 03:48:00 AM +0000,47.668661,-122.369061,"(47.668661, -122.369061)",F150005564
25th Av Ne / Ne 47th St,Motor Vehicle Incident,01/16/2015 03:39:00 AM +0000,47.663266,-122.300887,"(47.663266, -122.300887)",F150005556
N 130th St / Aurora Av N,Motor Vehicle Incident,01/16/2015 03:38:00 AM +0000,47.723212,-122.344977,"(47.723212, -122.344977)",F150005555
Renton Av S / S Cloverdale St,Motor Vehicle Incident,01/16/2015 03:10:00 AM +0000,47.526119,-122.276941,"(47.526119, -122.276941)",F150005545
39th Av S / S Graham St,Motor Vehicle Incident,01/16/2015 01:09:00 AM +0000,47.546021,-122.283341,"(47.546021, -122.283341)",F150005496
8th Av Ne / Ne 80th St,Motor Vehicle Incident,01/16/2015 12:45:00 AM +0000,47.68676,-122.320252,"(47.68676, -122.320252)",F150005487
S Lander St / Occidental Av S,Motor Vehicle Incident,01/15/2015 10:08:00 PM +0000,47.57981,-122.333269,"(47.57981, -122.333269)",F150005435
Sw Trenton St / Delridge Way Sw,Motor Vehicle Incident,01/15/2015 08:25:00 PM +0000,47.524693,-122.360479,"(47.524693, -122.360479)",F150005393
N 100th St / College Way N,Motor Vehicle Incident,01/15/2015 06:14:00 PM +0000,47.701412,-122.33511,"(47.701412, -122.33511)",F150005357
5th Av / Jefferson St,Motor Vehicle Incident,01/15/2015 04:51:00 PM +0000,47.602985,-122.328535,"(47.602985, -122.328535)",F150005332
15th Av Nw / Nw 80th St,Motor Vehicle Incident,01/15/2015 01:20:00 PM +0000,47.686878,-122.376793,"(47.686878, -122.376793)",F150005290
WESTLAKE AV N / MERCER ST,Motor Vehicle Incident,01/15/2015 06:09:00 AM +0000,47.624552,-122.338435,"(47.624552, -122.338435)",F150005233
12th Av E / E Denny Way,Motor Vehicle Incident,01/15/2015 02:16:00 AM +0000,47.618768,-122.31691,"(47.618768, -122.31691)",F150005155
16th Av Sw / Sw Cambridge St,Motor Vehicle Incident,01/15/2015 02:15:00 AM +0000,47.519196,-122.355145,"(47.519196, -122.355145)",F150005154
N 115th St / Aurora Av N,Motor Vehicle Incident,01/14/2015 11:54:00 PM +0000,47.712319,-122.344814,"(47.712319, -122.344814)",F150005113
S Holden St / West Marginal Way S,Motor Vehicle Incident,01/14/2015 11:17:00 PM +0000,47.534148,-122.332133,"(47.534148, -122.332133)",F150005086
51st Av S / S Pilgrim St,Motor Vehicle Incident,01/14/2015 11:05:00 PM +0000,47.515645,-122.270031,"(47.515645, -122.270031)",F150005081
710 N 39th St,Motor Vehicle Incident,01/14/2015 07:13:00 PM +0000,47.654138,-122.34924,"(47.654138, -122.34924)",F150004997
7032 15th Av Ne,Motor Vehicle Incident,01/14/2015 05:10:00 AM +0000,47.679644,-122.312009,"(47.679644, -122.312009)",F150004849
21ST AV S / E YESLER WAY,Motor Vehicle Incident,01/14/2015 03:53:00 AM +0000,47.601672,-122.305044,"(47.601672, -122.305044)",F150004828
3rd Av Nw / Holman Rd Nw,Motor Vehicle Incident,01/14/2015 02:20:00 AM +0000,47.7024,-122.360743,"(47.7024, -122.360743)",F150004798
Beacon Av S / Cheasty Blvd S,Motor Vehicle Incident,01/14/2015 12:07:00 AM +0000,47.561189,-122.305113,"(47.561189, -122.305113)",F150004751
8830 Lake City Way Ne,Motor Vehicle Incident,01/13/2015 11:15:00 PM +0000,47.69237,-122.305697,"(47.69237, -122.305697)",F150004745
Airport Way S / S Hardy St,Motor Vehicle Incident,01/13/2015 09:49:00 PM +0000,47.546517,-122.313028,"(47.546517, -122.313028)",F150004713
4th Av / Spring St,Motor Vehicle Incident,01/13/2015 08:26:00 PM +0000,47.606801,-122.333562,"(47.606801, -122.333562)",F150004681
Roosevelt Way Ne / Ne 91st St,Motor Vehicle Incident,01/13/2015 07:49:00 PM +0000,47.694923,-122.317594,"(47.694923, -122.317594)",F150004671
2101 S Jackson St,Motor Vehicle Incident,01/13/2015 03:32:00 PM +0000,47.599268,-122.304323,"(47.599268, -122.304323)",F150004587
4th Av S / S Orcas St,Motor Vehicle Incident,01/13/2015 11:37:00 AM +0000,47.551875,-122.329565,"(47.551875, -122.329565)",F150004549
Ne 66th St / 15th Av Ne,Motor Vehicle Incident,01/13/2015 03:32:00 AM +0000,47.676507,-122.311945,"(47.676507, -122.311945)",F150004447
S Spokane St / 4th Av S,Motor Vehicle Incident,01/13/2015 12:16:00 AM +0000,47.571421,-122.329077,"(47.571421, -122.329077)",F150004391
20th Av S / S Lane St,Motor Vehicle Incident,01/12/2015 11:15:00 PM +0000,47.596641,-122.306365,"(47.596641, -122.306365)",F150004367
Corson Av S / S Michigan St,Motor Vehicle Incident,01/12/2015 10:07:00 PM +0000,47.547503,-122.321439,"(47.547503, -122.321439)",F150004336
6000 16th Av Sw,Motor Vehicle Incident,01/12/2015 09:01:00 PM +0000,47.54887,-122.354833,"(47.54887, -122.354833)",F150004325
Delridge Way Sw / Sw Cloverdale St,Motor Vehicle Incident,01/12/2015 06:25:00 PM +0000,47.526488,-122.36047,"(47.526488, -122.36047)",F150004278
Delridge Way Sw / Sw Cloverdale St,Motor Vehicle Incident,01/12/2015 06:25:00 PM +0000,47.526488,-122.36047,"(47.526488, -122.36047)",F150004277
Highland Park Way Sw / West Marginal Way Sw,Motor Vehicle Incident,01/12/2015 02:34:00 PM +0000,47.540353,-122.342181,"(47.540353, -122.342181)",F150004220
2133 5th Av,Motor Vehicle Incident,01/12/2015 11:21:00 AM +0000,47.614747,-122.340899,"(47.614747, -122.340899)",F150004189
13th Av / E Jefferson St,Motor Vehicle Incident,01/12/2015 01:01:00 AM +0000,47.606197,-122.315471,"(47.606197, -122.315471)",F150004046
3rd Av Nw / Nw 70th St,Motor Vehicle Incident,01/11/2015 09:34:00 PM +0000,47.67956,-122.360469,"(47.67956, -122.360469)",F150003992
5900 West Marginal Way Sw,Motor Vehicle Incident,01/11/2015 12:06:00 PM +0000,47.549185,-122.345547,"(47.549185, -122.345547)",F150003886
13th Av / E Madison St,Motor Vehicle Incident,01/11/2015 06:14:00 AM +0000,47.613354,-122.315518,"(47.613354, -122.315518)",F150003785
15th Av Ne / Ne 143rd St,Motor Vehicle Incident,01/11/2015 04:46:00 AM +0000,47.732126,-122.312724,"(47.732126, -122.312724)",F150003746
N 41st St / Wallingford Av N,Motor Vehicle Incident,01/11/2015 04:03:00 AM +0000,47.656817,-122.336241,"(47.656817, -122.336241)",F150003736
Nw 65th St / 12th Av Nw,Motor Vehicle Incident,01/10/2015 10:59:00 PM +0000,47.675962,-122.371953,"(47.675962, -122.371953)",F150003628
S Mcclellan St / Rainier Av S,Motor Vehicle Incident,01/10/2015 09:12:00 AM +0000,47.57835,-122.298151,"(47.57835, -122.298151)",F150003449
Boren Av / Olive Way,Motor Vehicle Incident,01/10/2015 06:47:00 AM +0000,47.61545,-122.33073,"(47.61545, -122.33073)",F150003412
12th Av S / Boren Av S,Motor Vehicle Incident,01/10/2015 12:06:00 AM +0000,47.600853,-122.316965,"(47.600853, -122.316965)",F150003307
2nd Av W / Western Av W,Motor Vehicle Incident,01/09/2015 10:07:00 PM +0000,47.619785,-122.359358,"(47.619785, -122.359358)",F150003247
15th Av S / S Snoqualmie St,Motor Vehicle Incident,01/09/2015 08:01:00 PM +0000,47.561701,-122.31348,"(47.561701, -122.31348)",F150003199
Albion Pl N / Bridge Way N,Motor Vehicle Incident,01/09/2015 06:43:00 PM +0000,47.653406,-122.344714,"(47.653406, -122.344714)",F150003170
Ne 93rd St / Sand Point Way Ne,Motor Vehicle Incident,01/09/2015 04:32:00 PM +0000,47.695896,-122.276484,"(47.695896, -122.276484)",F150003130
18th Av Sw / Sw Trenton St,Motor Vehicle Incident,01/09/2015 04:56:00 AM +0000,47.5247,-122.357775,"(47.5247, -122.357775)",F150002983
235 Bellevue Av E,Motor Vehicle Incident,01/09/2015 03:01:00 AM +0000,47.620039,-122.326574,"(47.620039, -122.326574)",F150002962
Aurora Av N / N 115th St,Motor Vehicle Incident,01/08/2015 11:35:00 PM +0000,47.712319,-122.344814,"(47.712319, -122.344814)",F150002897
39th Av S / S Graham St,Motor Vehicle Incident,01/08/2015 10:39:00 PM +0000,47.546021,-122.283341,"(47.546021, -122.283341)",F150002881
35th Av Sw / Fauntleroy Way Sw,Motor Vehicle Incident,01/08/2015 08:24:00 PM +0000,47.565546,-122.376196,"(47.565546, -122.376196)",F150002842
2700 M L King Jr Way S,Motor Vehicle Incident,01/08/2015 08:05:00 PM +0000,47.579338,-122.296188,"(47.579338, -122.296188)",F150002835
Alaskan Way S / East Marginal Way S,Motor Vehicle Incident,01/08/2015 06:39:00 PM +0000,47.586683,-122.340002,"(47.586683, -122.340002)",F150002817
M L King Jr Way S / S Kenyon St,Motor Vehicle Incident,01/08/2015 04:50:00 PM +0000,47.531537,-122.280793,"(47.531537, -122.280793)",F150002777
30th Av Sw / Sw Thistle St,Motor Vehicle Incident,01/08/2015 04:46:00 PM +0000,47.528283,-122.371246,"(47.528283, -122.371246)",F150002776
Brooklyn Av Ne / Ne Pacific St,Motor Vehicle Incident,01/08/2015 12:26:00 AM +0000,47.653599,-122.314489,"(47.653599, -122.314489)",F150002549
Burke Av N / N 46th St,Motor Vehicle Incident,01/07/2015 10:51:00 PM +0000,47.662127,-122.335168,"(47.662127, -122.335168)",F150002518
Ne 125th St / Lake City Way Ne,Motor Vehicle Incident,01/07/2015 10:49:00 PM +0000,47.719279,-122.295233,"(47.719279, -122.295233)",F150002516
Wallingford Av N / N 97th St,Motor Vehicle Incident,01/07/2015 04:00:00 PM +0000,47.699594,-122.336545,"(47.699594, -122.336545)",F150002386
56TH AV S / S BANGOR ST,Motor Vehicle Incident,01/07/2015 03:26:00 PM +0000,47.506124,-122.263103,"(47.506124, -122.263103)",F150002378
5th Av Ne / Ne 117th St,Motor Vehicle Incident,01/07/2015 03:05:00 AM +0000,47.714046,-122.323434,"(47.714046, -122.323434)",F150002215
Ne 117th St / 5th Av Ne,Motor Vehicle Incident,01/07/2015 03:05:00 AM +0000,47.714046,-122.323434,"(47.714046, -122.323434)",F150002214
7615 California Av Sw,Motor Vehicle Incident,01/06/2015 10:47:00 PM +0000,47.534263,-122.38733,"(47.534263, -122.38733)",F150002113
East Marginal Way S / 1st Av S,Motor Vehicle Incident,01/06/2015 05:05:00 PM +0000,47.548271,-122.334309,"(47.548271, -122.334309)",F150001972
2400 11th Av Sw,Motor Vehicle Incident,01/06/2015 07:15:00 AM +0000,47.584283,-122.350759,"(47.584283, -122.350759)",F150001854
Roosevelt Way N / 1st Av Ne,Motor Vehicle Incident,01/06/2015 01:41:00 AM +0000,47.726116,-122.328878,"(47.726116, -122.328878)",F150001782
3rd Av Sw / Olson Pl Sw,Motor Vehicle Incident,01/05/2015 06:32:00 PM +0000,47.519699,-122.338395,"(47.519699, -122.338395)",F150001617
22nd Av E / E Roanoke St,Motor Vehicle Incident,01/05/2015 06:03:00 PM +0000,47.643161,-122.303776,"(47.643161, -122.303776)",F150001601
17th Av Sw / Sw Roxbury St,Motor Vehicle Incident,01/05/2015 03:37:00 PM +0000,47.517361,-122.356511,"(47.517361, -122.356511)",F150001550
4th Av S / Edgar Martinez Dr S,Motor Vehicle Incident,01/05/2015 01:34:00 PM +0000,47.590311,-122.32905,"(47.590311, -122.32905)",F150001530
5450 Sand Point Way Ne,Motor Vehicle Incident,01/05/2015 04:13:00 AM +0000,47.66825,-122.274662,"(47.66825, -122.274662)",F150001422
35th Av Sw / Fauntleroy Way Sw,Motor Vehicle Incident,01/04/2015 10:17:00 PM +0000,47.565546,-122.376196,"(47.565546, -122.376196)",F150001333
Sb I5 To 85,Motor Vehicle Incident,01/04/2015 07:46:00 PM +0000,47.694435,-122.329495,"(47.694435, -122.329495)",F150001287
15th Av S / 14th Av S,Motor Vehicle Incident,01/04/2015 10:20:00 AM +0000,47.592905,-122.314872,"(47.592905, -122.314872)",F150001199
5020 Rainier Av S,Motor Vehicle Incident,01/04/2015 06:30:00 AM +0000,47.556923,-122.284549,"(47.556923, -122.284549)",F150001149
23rd Av S / Rainier Av S,Motor Vehicle Incident,01/04/2015 02:40:00 AM +0000,47.584542,-122.30291,"(47.584542, -122.30291)",F150001066
M L King Jr Way S / S Walker St,Motor Vehicle Incident,01/04/2015 01:29:00 AM +0000,47.583642,-122.298145,"(47.583642, -122.298145)",F150001048
910 Marion St,Motor Vehicle Incident,01/04/2015 12:24:00 AM +0000,47.607742,-122.326595,"(47.607742, -122.326595)",F150001033
4th Av Ne / Banner Way Ne,Motor Vehicle Incident,01/03/2015 11:48:00 PM +0000,47.686165,-122.324284,"(47.686165, -122.324284)",F150001024
Rainier Av S / S Walden St,Motor Vehicle Incident,01/03/2015 09:18:00 PM +0000,47.572919,-122.294006,"(47.572919, -122.294006)",F150000982
10th Av S / S Jackson St,Motor Vehicle Incident,01/03/2015 07:10:00 PM +0000,47.599184,-122.319639,"(47.599184, -122.319639)",F150000940
Western Av / Columbia St,Motor Vehicle Incident,01/03/2015 07:18:00 AM +0000,47.602804,-122.336044,"(47.602804, -122.336044)",F150000811
23rd Av S / Rainier Av S,Motor Vehicle Incident,01/03/2015 05:02:00 AM +0000,47.584542,-122.30291,"(47.584542, -122.30291)",F150000779
N 38th St / Bridge Way N,Motor Vehicle Incident,01/03/2015 03:31:00 AM +0000,47.652745,-122.345964,"(47.652745, -122.345964)",F150000753
15th Av S / S Dakota St,Motor Vehicle Incident,01/02/2015 11:37:00 PM +0000,47.567243,-122.313462,"(47.567243, -122.313462)",F150000687
Renton Av S / S Henderson St,Motor Vehicle Incident,01/02/2015 08:11:00 PM +0000,47.523312,-122.276403,"(47.523312, -122.276403)",F150000620
800 Nw 85th St,Motor Vehicle Incident,01/01/2015 09:13:00 PM +0000,47.690655,-122.365993,"(47.690655, -122.365993)",F150000283
Taylor Av N / Aloha St,Motor Vehicle Incident,01/01/2015 10:02:00 AM +0000,47.627155,-122.346245,"(47.627155, -122.346245)",F150000101
2nd Av Sw / West Marginal Way Sw,Motor Vehicle Incident,01/01/2015 09:05:00 AM +0000,47.537402,-122.337085,"(47.537402, -122.337085)",F150000059
Olson Pl Sw / Sw Cambridge Pl,Motor Vehicle Incident,01/01/2015 08:50:00 AM +0000,47.518536,-122.339451,"(47.518536, -122.339451)",F150000048
1100 4TH AV,Motor Vehicle Incident,01/01/2015 07:26:00 AM +0000,47.606801,-122.333562,"(47.606801, -122.333562)",F140141894
507 Ne Northgate Way,Motor Vehicle Incident,01/01/2015 02:21:00 AM +0000,47.708594,-122.323211,"(47.708594, -122.323211)",F140141805
3rd Av Nw / Nw 127th St,Motor Vehicle Incident,12/31/2014 09:21:00 PM +0000,47.721449,-122.360954,"(47.721449, -122.360954)",F140141707
55th Av Ne / Ne 70th St,Motor Vehicle Incident,12/31/2014 05:48:00 PM +0000,47.679388,-122.26896,"(47.679388, -122.26896)",F140141644
Montlake Blvd Ne / 25th Av Ne,Motor Vehicle Incident,12/31/2014 06:35:00 AM +0000,47.658982,-122.301139,"(47.658982, -122.301139)",F140141502
Stanley Av S / S Albro Pl,Motor Vehicle Incident,12/31/2014 01:49:00 AM +0000,47.546991,-122.314914,"(47.546991, -122.314914)",F140141418
4th Av S / S Hanford St,Motor Vehicle Incident,12/30/2014 10:10:00 PM +0000,47.575574,-122.329059,"(47.575574, -122.329059)",F140141348
M L King Jr Way S / Merton Way S,Motor Vehicle Incident,12/30/2014 07:17:00 PM +0000,47.516888,-122.279154,"(47.516888, -122.279154)",F140141282
Ne 90th St / Lake City Way Ne,Motor Vehicle Incident,12/30/2014 06:42:00 PM +0000,47.693931,-122.30552,"(47.693931, -122.30552)",F140141261
37th Av Ne / Ne 75th St,Motor Vehicle Incident,12/30/2014 04:10:00 PM +0000,47.683046,-122.288367,"(47.683046, -122.288367)",F140141219
Greenwood Av N / N 85th St,Motor Vehicle Incident,12/30/2014 02:16:00 AM +0000,47.690595,-122.355302,"(47.690595, -122.355302)",F140141059
N 127th St / Aurora Av N,Motor Vehicle Incident,12/30/2014 01:32:00 AM +0000,47.721392,-122.344957,"(47.721392, -122.344957)",F140141037
1st Av / Bell St,Motor Vehicle Incident,12/29/2014 11:21:00 PM +0000,47.613375,-122.346513,"(47.613375, -122.346513)",F140140984
11726 Aurora Av N,Motor Vehicle Incident,12/29/2014 10:02:00 PM +0000,47.714927,-122.344856,"(47.714927, -122.344856)",F140140944
N 117th Pl / Aurora Av N,Motor Vehicle Incident,12/29/2014 09:26:00 PM +0000,47.714777,-122.344853,"(47.714777, -122.344853)",F140140932
15th Av W / W Emerson St,Motor Vehicle Incident,12/29/2014 03:26:00 AM +0000,47.653993,-122.376215,"(47.653993, -122.376215)",F140140715
8th Av Sw / Sw Roxbury St,Motor Vehicle Incident,12/29/2014 03:23:00 AM +0000,47.517303,-122.345423,"(47.517303, -122.345423)",F140140711
Roosevelt Way Ne / Ne Northgate Way,Motor Vehicle Incident,12/29/2014 12:47:00 AM +0000,47.708561,-122.317852,"(47.708561, -122.317852)",F140140656
Greenwood Av N / N 39th St,Motor Vehicle Incident,12/28/2014 11:46:00 PM +0000,47.654153,-122.355487,"(47.654153, -122.355487)",F140140640
22nd Av / E Alder St,Motor Vehicle Incident,12/28/2014 02:02:00 AM +0000,47.604328,-122.303732,"(47.604328, -122.303732)",F140140379
S Graham St / M L King Jr Way S,Motor Vehicle Incident,12/28/2014 12:32:00 AM +0000,47.546057,-122.285631,"(47.546057, -122.285631)",F140140358
Convention Pl / Pike St,Motor Vehicle Incident,12/28/2014 12:14:00 AM +0000,47.612535,-122.331134,"(47.612535, -122.331134)",F140140352
2nd Av / Broad St,Motor Vehicle Incident,12/27/2014 09:14:00 PM +0000,47.617584,-122.351646,"(47.617584, -122.351646)",F140140303
Queen Anne Av N / Mercer St,Motor Vehicle Incident,12/27/2014 07:02:00 PM +0000,47.624583,-122.356709,"(47.624583, -122.356709)",F140140265
34th Av S / S Mcclellan St,Motor Vehicle Incident,12/27/2014 08:03:00 AM +0000,47.578341,-122.289795,"(47.578341, -122.289795)",F140140152
Nw Market St / 3rd Av Nw,Motor Vehicle Incident,12/27/2014 12:55:00 AM +0000,47.66692,-122.360801,"(47.66692, -122.360801)",F140140032
Ne Northgate Way / 5th Av Ne,Motor Vehicle Incident,12/27/2014 12:25:00 AM +0000,47.708594,-122.323275,"(47.708594, -122.323275)",F140140019
Sb I5 At 85,Motor Vehicle Incident,12/26/2014 10:03:00 PM +0000,47.68711,-122.327006,"(47.68711, -122.327006)",F140139987
N 105th St / Greenwood Av N,Motor Vehicle Incident,12/26/2014 09:53:00 PM +0000,47.705084,-122.355453,"(47.705084, -122.355453)",F140139984
5244 Rainier Av S,Motor Vehicle Incident,12/26/2014 05:55:00 PM +0000,47.554817,-122.282258,"(47.554817, -122.282258)",F140139922
25th Av S / S Plum St,Motor Vehicle Incident,12/26/2014 01:22:00 PM +0000,47.585484,-122.300319,"(47.585484, -122.300319)",F140139863
Ne 125th St / 35th Av Ne,Motor Vehicle Incident,12/26/2014 01:56:00 AM +0000,47.719253,-122.290784,"(47.719253, -122.290784)",F140139752
4TH AV S / S ROYAL BROUGHAM WAY,Motor Vehicle Incident,12/25/2014 02:48:00 AM +0000,47.592394,-122.329049,"(47.592394, -122.329049)",F140139454
15th Av Nw / Nw 60th St,Motor Vehicle Incident,12/24/2014 05:53:00 PM +0000,47.67236,-122.376211,"(47.67236, -122.376211)",F140139306
Broadway E / E Olive Way,Motor Vehicle Incident,12/24/2014 02:49:00 PM +0000,47.619908,-122.320873,"(47.619908, -122.320873)",F140139259
Broadway E / E Olive Way,Motor Vehicle Incident,12/24/2014 02:49:00 PM +0000,47.619908,-122.320873,"(47.619908, -122.320873)",F140139258
15th Av W / W Emerson St,Motor Vehicle Incident,12/24/2014 02:00:00 PM +0000,47.653993,-122.376215,"(47.653993, -122.376215)",F140139242
750 Belmont Av E,Motor Vehicle Incident,12/24/2014 06:57:00 AM +0000,47.625612,-122.324484,"(47.625612, -122.324484)",F140139168
E Union St / 23rd Av,Motor Vehicle Incident,12/24/2014 05:38:00 AM +0000,47.612941,-122.30271,"(47.612941, -122.30271)",F140139146
Sand Point Way Ne / Ne 110th St,Motor Vehicle Incident,12/24/2014 04:13:00 AM +0000,47.708905,-122.280172,"(47.708905, -122.280172)",F140139126
Rainier Av S / 23rd Av S,Motor Vehicle Incident,12/24/2014 03:28:00 AM +0000,47.584542,-122.30291,"(47.584542, -122.30291)",F140139118
S Genesee St / Rainier Av S,Motor Vehicle Incident,12/24/2014 03:26:00 AM +0000,47.564095,-122.288186,"(47.564095, -122.288186)",F140139116
S Holly Park Dr / M L King Jr Way S,Motor Vehicle Incident,12/24/2014 02:27:00 AM +0000,47.536203,-122.280972,"(47.536203, -122.280972)",F140139096
N 49th St / Aurora Av N,Motor Vehicle Incident,12/24/2014 01:45:00 AM +0000,47.66428,-122.34718,"(47.66428, -122.34718)",F140139081
9845 M L King Jr Way S,Motor Vehicle Incident,12/24/2014 01:29:00 AM +0000,47.512972,-122.278869,"(47.512972, -122.278869)",F140139074
Ne Northgate Way / 15th Av Ne,Motor Vehicle Incident,12/24/2014 01:23:00 AM +0000,47.708528,-122.31243,"(47.708528, -122.31243)",F140139071
S Kenyon St / Renton Av S,Motor Vehicle Incident,12/24/2014 01:08:00 AM +0000,47.531543,-122.278304,"(47.531543, -122.278304)",F140139061
Eb Wsea Frwy To 1,Motor Vehicle Incident,12/24/2014 12:07:00 AM +0000,47.57151,-122.337962,"(47.57151, -122.337962)",F140139040
1118 5th Av,Motor Vehicle Incident,12/24/2014 12:00:00 AM +0000,47.60739,-122.332564,"(47.60739, -122.332564)",F140139036
West Marginal Way S / Highland Park Way Sw,Motor Vehicle Incident,12/23/2014 11:59:00 PM +0000,47.538315,-122.334445,"(47.538315, -122.334445)",F140139034
12th Av E / E Republican St,Motor Vehicle Incident,12/23/2014 11:57:00 PM +0000,47.623114,-122.316755,"(47.623114, -122.316755)",F140139030
7300 Airport Way S,Motor Vehicle Incident,12/23/2014 06:55:00 PM +0000,47.537345,-122.302211,"(47.537345, -122.302211)",F140138932
4500 15th Av Nw,Motor Vehicle Incident,12/23/2014 04:02:00 PM +0000,47.661872,-122.376106,"(47.661872, -122.376106)",F140138877
Ne 130th St / 1st Av Ne,Motor Vehicle Incident,12/23/2014 03:22:00 PM +0000,47.723166,-122.328918,"(47.723166, -122.328918)",F140138867
5th Av Ne / Ne Northgate Way,Motor Vehicle Incident,12/23/2014 01:46:00 AM +0000,47.708594,-122.323275,"(47.708594, -122.323275)",F140138701
Wallingford Av N / N 41st St,Motor Vehicle Incident,12/23/2014 01:36:00 AM +0000,47.656817,-122.336241,"(47.656817, -122.336241)",F140138698
BEACON AV S / S GRAHAM ST,Motor Vehicle Incident,12/23/2014 01:32:00 AM +0000,47.546372,-122.300332,"(47.546372, -122.300332)",F140138696
S Horton St / Beacon Av S,Motor Vehicle Incident,12/23/2014 12:54:00 AM +0000,47.574048,-122.308899,"(47.574048, -122.308899)",F140138685
S Genesee St / M L King Jr Way S,Motor Vehicle Incident,12/21/2014 11:38:00 AM +0000,47.563807,-122.29537,"(47.563807, -122.29537)",F140138141
4023 California Av Sw,Motor Vehicle Incident,12/21/2014 11:16:00 AM +0000,47.567955,-122.38677,"(47.567955, -122.38677)",F140138137
15th Av Ne / Lake City Way Ne,Motor Vehicle Incident,12/21/2014 12:30:00 AM +0000,47.687516,-122.312173,"(47.687516, -122.312173)",F140137960
N 81st St / Aurora Av N,Motor Vehicle Incident,12/20/2014 11:58:00 PM +0000,47.687665,-122.344507,"(47.687665, -122.344507)",F140137944
12th Av / E Yesler Way,Motor Vehicle Incident,12/20/2014 11:13:00 PM +0000,47.601693,-122.316782,"(47.601693, -122.316782)",F140137919
5701 Rainier Av S,Motor Vehicle Incident,12/20/2014 06:26:00 PM +0000,47.551168,-122.27766,"(47.551168, -122.27766)",F140137846
S State St / 19th Av S,Motor Vehicle Incident,12/20/2014 03:00:00 AM +0000,47.587743,-122.308384,"(47.587743, -122.308384)",F140137653
N 38th St / Albion Pl N,Motor Vehicle Incident,12/20/2014 02:04:00 AM +0000,47.65272,-122.344722,"(47.65272, -122.344722)",F140137633
S Myrtle St / M L King Jr Way S,Motor Vehicle Incident,12/19/2014 11:20:00 PM +0000,47.538884,-122.282179,"(47.538884, -122.282179)",F140137597
4700 17th Av Ne,Motor Vehicle Incident,12/19/2014 07:32:00 PM +0000,47.663063,-122.309503,"(47.663063, -122.309503)",F140137538
5318 46th Av S,Motor Vehicle Incident,12/19/2014 06:13:00 PM +0000,47.554262,-122.275372,"(47.554262, -122.275372)",F140137503
Nw 59th St / 24th Av Nw,Motor Vehicle Incident,12/19/2014 04:23:00 PM +0000,47.671645,-122.387587,"(47.671645, -122.387587)",F140137475
15th Av W / W Boston St,Motor Vehicle Incident,12/19/2014 01:43:00 AM +0000,47.638633,-122.376149,"(47.638633, -122.376149)",F140137280
15th Av Nw / Nw 67th St,Motor Vehicle Incident,12/19/2014 12:13:00 AM +0000,47.677768,-122.376764,"(47.677768, -122.376764)",F140137236
2nd Av / James St,Motor Vehicle Incident,12/18/2014 11:52:00 PM +0000,47.602306,-122.332519,"(47.602306, -122.332519)",F140137221
Boren Av N / Republican St,Motor Vehicle Incident,12/18/2014 10:01:00 PM +0000,47.623199,-122.335838,"(47.623199, -122.335838)",F140137177
8th Av Sw / Sw Roxbury St,Motor Vehicle Incident,12/18/2014 08:51:00 PM +0000,47.517303,-122.345423,"(47.517303, -122.345423)",F140137158
,Motor Vehicle Incident,12/18/2014 06:19:00 PM +0000,,,"(0, 0)",F140137114
Fairview Av N / Mercer St,Motor Vehicle Incident,12/18/2014 07:11:00 AM +0000,47.624265,-122.334285,"(47.624265, -122.334285)",F140136988
Greenwood Av N / N 136th St,Motor Vehicle Incident,12/18/2014 02:25:00 AM +0000,47.728228,-122.355558,"(47.728228, -122.355558)",F140136913
Rainier Av S / S Oregon St,Motor Vehicle Incident,12/17/2014 11:42:00 PM +0000,47.562818,-122.287836,"(47.562818, -122.287836)",F140136867
NE 55TH ST / 35TH AV NE,Motor Vehicle Incident,12/17/2014 11:12:00 PM +0000,47.668512,-122.290193,"(47.668512, -122.290193)",F140136850
44th Av S / S Graham St,Motor Vehicle Incident,12/17/2014 10:30:00 PM +0000,47.54601,-122.278153,"(47.54601, -122.278153)",F140136838
Lake Washington Blvd E / E Madison St,Motor Vehicle Incident,12/17/2014 07:49:00 PM +0000,47.626018,-122.29244,"(47.626018, -122.29244)",F140136802
20th Av S / S Jackson St,Motor Vehicle Incident,12/17/2014 07:17:00 PM +0000,47.599255,-122.306357,"(47.599255, -122.306357)",F140136793
4700 Rainier Av S,Motor Vehicle Incident,12/17/2014 06:45:00 PM +0000,47.560748,-122.287027,"(47.560748, -122.287027)",F140136784
Rainier Av S / S Graham St,Motor Vehicle Incident,12/17/2014 04:04:00 PM +0000,47.546027,-122.275989,"(47.546027, -122.275989)",F140136741
,Motor Vehicle Incident,12/17/2014 03:09:00 PM +0000,,,"(0, 0)",F140136722
West Marginal Way S / S Holden St,Motor Vehicle Incident,12/17/2014 03:05:00 PM +0000,47.534148,-122.332133,"(47.534148, -122.332133)",F140136720
,Motor Vehicle Incident,12/17/2014 02:55:00 PM +0000,,,"(0, 0)",F140136717
2302 Sw Spokane St,Motor Vehicle Incident,12/17/2014 06:12:00 AM +0000,47.571678,-122.361451,"(47.571678, -122.361451)",F140136657
M L King Jr Way S / S Othello St,Motor Vehicle Incident,12/16/2014 04:34:00 PM +0000,47.537042,-122.281293,"(47.537042, -122.281293)",F140136433
15th Av Ne / Ne Northgate Way,Motor Vehicle Incident,12/16/2014 03:40:00 PM +0000,47.708528,-122.31243,"(47.708528, -122.31243)",F140136418
15th Av Ne / Ne Northgate Way,Motor Vehicle Incident,12/16/2014 03:31:00 PM +0000,47.708528,-122.31243,"(47.708528, -122.31243)",F140136416
28th Av W / W Galer St,Motor Vehicle Incident,12/16/2014 03:30:00 PM +0000,47.632304,-122.393008,"(47.632304, -122.393008)",F140136415
23rd Av E / E Madison St,Motor Vehicle Incident,12/16/2014 07:16:00 AM +0000,47.619171,-122.302547,"(47.619171, -122.302547)",F140136342
12739 Lake City Way Ne,Motor Vehicle Incident,12/16/2014 02:38:00 AM +0000,47.721346,-122.294014,"(47.721346, -122.294014)",F140136279
12700 Lake City Way Ne,Motor Vehicle Incident,12/16/2014 02:04:00 AM +0000,47.721091,-122.294161,"(47.721091, -122.294161)",F140136267
46th Av Sw / Marine View Dr Sw,Motor Vehicle Incident,12/16/2014 12:39:00 AM +0000,47.515122,-122.391453,"(47.515122, -122.391453)",F140136244
23rd Av S / S Jackson St,Motor Vehicle Incident,12/16/2014 12:23:00 AM +0000,47.599281,-122.302233,"(47.599281, -122.302233)",F140136235
Boren Av / Madison St,Motor Vehicle Incident,12/15/2014 10:58:00 PM +0000,47.609338,-122.325139,"(47.609338, -122.325139)",F140136207
N 115th St / Greenwood Av N,Motor Vehicle Incident,12/15/2014 10:11:00 PM +0000,47.712345,-122.355508,"(47.712345, -122.355508)",F140136189
Rainier Av S / S Genesee St,Motor Vehicle Incident,12/15/2014 09:59:00 PM +0000,47.564095,-122.288186,"(47.564095, -122.288186)",F140136178
Thomas St / Dexter Av N,Motor Vehicle Incident,12/15/2014 09:35:00 PM +0000,47.620888,-122.342382,"(47.620888, -122.342382)",F140136166
,Motor Vehicle Incident,12/15/2014 04:40:00 PM +0000,,,"(0, 0)",F140136059
105 5th Av S,Motor Vehicle Incident,12/15/2014 04:35:00 PM +0000,47.601643,-122.327656,"(47.601643, -122.327656)",F140136056
,Motor Vehicle Incident,12/15/2014 04:33:00 PM +0000,,,"(0, 0)",F140136055
,Motor Vehicle Incident,12/15/2014 04:33:00 PM +0000,,,"(0, 0)",F140136054
